Name	VarLen	nBases	LFlank 	RFlank 	Dataset	Reads	MaxCount	DBID	NRLBRound	NRLBModes	NRLBIndex
CEBPB	20	28	GATCTGGACA	GAATCGTATG	Yang	3847.33	9	D00317.003	1	1	2
CEBPD	20	28	GATCTAATGA	CGATCGTATG	Jolma	44.201	3	D00318.001	1	2	42
E2F1	14	19	CGATCCAATT	ATCGTATGCC	Jolma	40.255	3	D00344.002	2	2	34
EBF1	20	28	GATCTATAAG	CGATCGTATG	Yang	2985.44	5	D00350.002	2	3	52
EGR1	20	28	GATCTCTCTT	GAATCGTATG	Jolma	46.013	10	D00351.001	1	2	48
ELF1	20	28	GATCTGGGTA	GAATCGTATG	Jolma	396.925	83	D00356.005	1	1	71
ELK1	20	29	GATCTGAGTG	TGAATCGTAT	Yang	3588.09	3	D00360.004	1	2	48
ETS1	20	28	GATCTGTAAA	GAATCGTATG	Yang	2002.09	6	D00378.007	2	1	118
GABPA	20	29	GATCTGGCCC	CCTATCGTAT	Yang	2132.87	3	D00409.003	3	3	47
GATA3	20	28	GATCTGTCGT	GAATCGTATG	Yang	2680.14	4	D00410.003	2	2	41
IRF4	20	28	GATCTCAAGG	CGATCGTATG	Yang	2025.58	6	D00476.002	1	2	20
MAFF	20	29	GATCTGGAAT	AATATCGTAT	Yang	2184.97	3	D00501.003	3	1	136
MAFK	30	39	GATCTGCCTG	TCCATCGTAT	Yang	2848.26	4	D00503.004	1	2	12
MAX	20	28	GATCTGACCT	GAATCGTATG	Jolma	63.037	4	D00504.002	1	1	26
MEF2A	20	28	GATCTAATAG	TAATCGTATG	Yang	3768.1	9	D00505.003	2	2	13
NFATC1	20	29	GATCTTCGTA	TGCATCGTAT	Yang	1246.99	4	D00534.003	1	2	41
NFE2	20	28	GATCTGTAGG	GAATCGTATG	Yang	3387.84	5	D00535.003	3	1	135
NR2C2	20	29	GATCTCGACT	CATATCGTAT	Yang	2515.22	4	D00552.002	1	2	47
NRF1	20	28	GATCTAGCGA	CGATCGTATG	Yang	3610.63	5	D00559.001	1	2	25
PAX5	20	29	GATCTACAGG	GACATCGTAT	Jolma	124.271	2	D00574.002	1	2	59
POU2F2	20	28	GATCTGACAG	GAATCGTATG	Yang	3154.5	4	D00589.001	1	2	36
POU5F1P1	20	29	GATCTAGAGT	GATATCGTAT	Yang	4189.34	4	D00598.001	1	2	42
RFX5	30	39	GATCTGGAGC	GATATCGTAT	Yang	3417.91	4	D00619.003	2	2	16
RUNX3	20	28	GATCTCTCCC	GAATCGTATG	Yang	1513.67	6	D00624.007	3	2	48
SP1	20	28	GATCTCTATG	GAATCGTATG	Jolma	227.979	10	D00650.005	1	1	142
TFAP2A	20	28	GATCTTGCAC	TAATCGTATG	Yang	2224.64	5	D00681.002	2	1	139
TFAP2C	20	29	GATCTCTACA	CAGATCGTAT	Jolma	45.318	2	D00683.002	1	2	47
USF1	20	29	GATCTGACGA	GCAATCGTAT	Yang	2208.01	4	D00700.001	1	1	86
YY1	20	28	GATCTCCGGC	CGATCGTATG	Yang	7217.02	4	D00710.002	1	3	48
ZNF143	20	28	GATCTGCAAG	CGATCGTATG	Yang	3281.8	5	D00723.003	3	3	78
