Name	VarLen	nBases	LFlank	RFlank	DBID	NRLBRound	NRLBModes	NRLBIndex
CEBPB	20	28	GATCTGGACA	GAATCGTATG	D00317.003	1	1	2
CEBPD	20	28	GATCTAATGA	CGATCGTATG	D00318.001	1	2	42
E2F1	14	19	CGATCCAATT	ATCGTATGCC	D00344.002	2	2	34
EBF1	20	28	GATCTATAAG	CGATCGTATG	D00350.002	2	3	52
EGR1	20	28	GATCTCTCTT	GAATCGTATG	D00351.001	1	2	48
ELF1	20	28	GATCTGGGTA	GAATCGTATG	D00356.005	1	1	71
ELK1	20	29	GATCTGAGTG	TGAATCGTAT	D00360.004	1	2	48
ETS1	20	28	GATCTGTAAA	GAATCGTATG	D00378.007	2	1	118
GABPA	20	29	GATCTGGCCC	CCTATCGTAT	D00409.003	3	3	47
GATA3	20	28	GATCTGTCGT	GAATCGTATG	D00410.003	2	2	41
IRF4	20	28	GATCTCAAGG	CGATCGTATG	D00476.002	1	2	20
MAFF	20	29	GATCTGGAAT	AATATCGTAT	D00501.003	3	1	136
MAFK	30	39	GATCTGCCTG	TCCATCGTAT	D00503.004	1	2	12
MAX	20	28	GATCTGACCT	GAATCGTATG	D00504.002	1	1	26
MEF2A	20	28	GATCTAATAG	TAATCGTATG	D00505.003	2	2	13
NFATC1	20	29	GATCTTCGTA	TGCATCGTAT	D00534.003	1	2	41
NFE2	20	28	GATCTGTAGG	GAATCGTATG	D00535.003	3	1	135
NR2C2	20	29	GATCTCGACT	CATATCGTAT	D00552.002	1	2	47
NRF1	20	28	GATCTAGCGA	CGATCGTATG	D00559.001	1	2	25
PAX5	20	29	GATCTACAGG	GACATCGTAT	D00574.002	1	2	59
POU2F2	20	28	GATCTGACAG	GAATCGTATG	D00589.001	1	2	36
POU5F1P1	20	29	GATCTAGAGT	GATATCGTAT	D00598.001	1	2	42
RFX5	30	39	GATCTGGAGC	GATATCGTAT	D00619.003	2	2	16
RUNX3	20	28	GATCTCTCCC	GAATCGTATG	D00624.007	3	2	48
SP1	20	28	GATCTCTATG	GAATCGTATG	D00650.005	1	1	142
TFAP2A	20	28	GATCTTGCAC	TAATCGTATG	D00681.002	2	1	139
TFAP2C	20	29	GATCTCTACA	CAGATCGTAT	D00683.002	1	2	47
USF1	20	29	GATCTGACGA	GCAATCGTAT	D00700.001	1	1	86
YY1	20	28	GATCTCCGGC	CGATCGTATG	D00710.002	1	3	48
ZNF143	20	28	GATCTGCAAG	CGATCGTATG	D00723.003	3	3	78
